c5_sources,node,count
19760606015529A,GLIDER,1
19760606015529A,NOSE HIGH ATTITUDE,1
19780111000459A,ACFT DISPATCHER,1
19780111000459A;19780130004789I;19780206006149I;19780208007759I;19780210005719I;19780212006439I;19780221000179I;19780225001819I;19780307014069I;19780309015599I;19780311016379I;19780316008589I;19780327010619I;19780330011569I;19780402009009I;19780409009699I;19780421012829I;19780503031639I;19780504031959I;19780526040429I;19780603041629I;19780619046649I;19780623036259I;19780623036419I;19780624034629I;19780704042039I;19780725039589I;19780808049579I;19780903028619A;19781018032569I;19781113027039I;19781207022839I;19781223039539A;19781230019999I;19790123003659I;19790207002469A;19790216014249A;19790224005689A;19790313008789I;19790316004819A;19790407008559A;19790421024889I;19790508100289I;19790513010459A;19790515027029I;19790519010229A;19790602009889A;19790610014749I;19790622017219I;19790623014019A;19790703018439I;19790710018689I;19790729022479I;19790807029619I;19790808027309A;19790813030889I;19790820029909A;19791002050939I;19791014052729I;19791029027649A;19791030053329I;19791108054919I;19791116043249A;19791128035159A;19791208047929I;19791221039859A;19791222048669I;19800105013639I;19800106011019I;19800109001489A;19800113015049I;19800128019789I;19800129020169I;19800208002479A;19800216026099I;19800322006789A;19800328007979A;19800501044549I;19800508011869A;19800523016979A;19800611054319I;19800623021719A;19800624056259I;19800624056339I;19800707059709I;19800823080969I;19801005072789I;19821117066379I;19850315007389A;19850418016709I;19860706034879A;19861114075329I;19930530020029I;19950216008379I;20010421009329I;20030620012809I;20050429009279I,PILOT,166
19780111000459A,TO REMOVE TIEDROPE,1
19780402008409I,TAXIING AIRCRAFT,1
19780402008409I,INEFFECTIVE BRAKES,1
19780402008409I,INACTIVE AIRCRAFT,1
19780402008409I,TAXIING AIRCRAFT STRUCK PARKED AIRCRAFT,1
19780206006039I;19780427013859I;19791210036229A;19791210043359A;19980616023109I,ENGINE COWLING,7
19780427013859I,ENGINE IN FLIGHT,1
19780112002729I;19780509032859I;19780904017739I;19781102023549I;19781128024449I;19790312008529I;19790425024979I;19790627017429I;19800319040039I,POWER LOSS,16
19780108002219I;19780110002479I;19780112002729I;19780507032369I;19780509032859I;19780811037539I;19780904017739I;19781102023549I;19790207005159I;19790210006409I;19790312008529I;19790410008789A;19790520026369I;19790528028209I;19790609016529A;19790627017429I;19800217031679I;19800504044909I;19800519054059I;19800714060679I;19801116083749I;19840821046409A;19871027060859A,FORCED LANDING,31
19780509032859I;19781102023549I;19790210006409I;19790312008529I;19790528028209I;19790627017429I;19791022029739A,FOUND WATER IN FUEL,7
19780113002859I;19780913017419I;19790820029909A;19791210036229A;19791210043359A;19800320047429I;19800507051499I,ABORTED TAKEOFF,12
19780913017419I,FRONT BAGGAGE DOOR POPPED OPEN,1
19780916024019A,TIE DOWN STRAP,3
19780916024019A,LEFT SKID,1
19780607016509A;19780916024019A,TRAILER,2
19780916024019A,HEPER,1
19781108022239I;19790223006939I,BAGGAGE CART,4
19781108022239I,JET BLAST,1
19781108022239I,INOPERATIVE BRAKES,1
19781210024199I,WHEELS,1
19781210024199I,LOCKED UP,1
19781210024199I,SEVERAL TOUCH AND GO LANDINGS,1
19781210024199I,SNOW PACKED IN THE WHEEL PANTS,1
19781113027039I,UNMARKED DITCH AT END OF TAXIWAY,1
19790211002709A,FAILURE TO LIFTOFF,3
19790211002709A,RAN OFF END INTO SNOW BANK,1
19790211002709A,FROST ON AIRFRAME,1
19780102000459I;19780316008589I;19790203005099I;19790211002709A;19800106011019I;19800620022039A;19800712077549I,RUNWAY,8
19780610045289I;19780904017739I;19790525014229A;19790720021329A;19800208002479A;19800819040989A;20010411006739I,HELICOPTER,15
19790720021329A,SLING LOAD,1
19790720021329A;19800608019219A;19800620022039A;19880527016939A;19920405008919A,TREES,5
19790720021329A;19790919027319A;19791014005659A;19800716028479A;19840821046409A;19880527016939A,CRASH,12
19780106001449I;19790720021329A,IMPROPER PREFLIGHT,2
19790718019229I,GROUND STAND BAGGAGE CART,2
19790718019229I,9 INCH TEAR IN FUSELAGE,1
19790718019229I,ROLLED INTO SIDE OF PARKED AIRCRAFT,1
19791128035159A,RAIN SHOWER,1
19780108002219I;19780110002479I;19780203005449I;19780205005989I;19780210006769I;19780213006479I;19780219007659I;19780225001789I;19780225001819I;19780228000419I;19780309015599I;19780325010349I;19780328011399I;19780403009389I;19780522035289I;19780529040959I;19780613045599I;19780624034629I;19780625035779I;19780625035919I;19780626034739I;19780725039589I;19780811037539I;19780829037939I;19781009029939I;19781114026859I;19781120025989I;19781230019999I;19790107000829I;19790111000619I;19790113001939I;19790127003859I;19790207002459A;19790207005159I;19790210006409I;19790211007509A;19790316004809A;19790318010729A;19790414012459I;19790421024749I;19790513026659I;19790528028209I;19790529041069A;19790602009889A;19790603012119A;19790622017199I;19790623022919A;19790625015009A;19790703018439I;19790808027309A;19790809030499I;19790813023739A;19790829023019A;19790916031359A;19790919027319A;19791014052729I;19791017051209I;19791022029739A;19791022054789I;19791023031609A;19791103056779I;19791128035159A;19791218033279A;19791221039859A;19800119000759A;19800128019739I;19800129002139A;19800217031679I;19800219031689I;19800224029629I;19800322006789A;19800403047119I;19800504044909I;19800607046889I;19800608019219A;19800712077549I;19800714060679I;19800716028479A;19800807063609I;19800819039089A;19801116083749I;19840121015319I;19860706034879A;19880527016939A,ENGINE,155
19790605014429I;19791128035159A;19791221039859A;19800504044909I;19850729066139I;19980620030289I,FIELD,6
19780110002479I;19780112002729I;19780416008469I;19780522035289I;19780820049069I;19780829037939I;19790316004809A;19790318010729A;19790429005459A;19790609024769A;19790705018829I;19790801021959A;19790808027309A;19790829023019A;19790919027319A;19791128035159A;19791218033279A;19800224029629I;19800519054059I;19800607046889I;19860706034879A;19950804028629A,WATER IN FUEL,22
19780319009079I;19780504031959I;19780725039589I;19781230019999I;19790529041069A;19790609024769A;19790623014019A;19790916031359A;19790919027319A;19791102034159A;19800118015029I;19800119000759A;19800217031649I;19800320047429I;19800322006789A;19800427044589I;19800530018349A;19800608019219A;19800620022039A;19800707059709I;19800805067769I;19820725041999I;19840121015319I;19840821046409A;19870606018859A;19960524045629A;19970523014439I;19991230042089A;20010411006739I;20060621012279A,TAKEOFF,36
19800217031649I,AFTER,1
19780106001449I;19780129004679I;19780218007139I;19780429014759I;19790318009229I;19790427100559I;19790705018829I;19791015052549I;19800217031649I;19801116083749I,ENGINE QUIT,14
19800217031649I,WING FUEL TANK SUMPS,2
19800217031649I;19800619055649I,PREFLIGHT,2
19800217031649I,FROZEN,1
19800113000039A;19800506012169A,LOST CONTROL OF AIRPLANE,2
19800506012169A,FAILED TO REMOVE AILERON-ELEVATOR LOCK PIN,1
19780225001819I;19780825038179I;19790520026369I;19800804037399A,FUEL EXHAUSTION,6
19800804037399A,FUEL SIPHONING,1
19800804037399A,IMPROPERLY SECURED VENT CAP,1
19800804037399A,OVERSHOT EMERGENCY LANDING AREA,1
19790224007709I;19800624056339I;19801005072789I,END OF RUNWAY,3
19801005072789I,REMAINING BRAKE,1
19801005072789I,PILOT RAN OFF END OF RUNWAY,1
19801116083749I,ICE IN AUXILIARY FUEL SYSTEM,1
19801230089799I,FLAT NOSE STRUT,3
19801230089799I,BROKE THE BELLCRANK,1
19780208007759I;19790421024669I;19790429025299I;19800427044589I;19801230089799I,COLLAPSED,5
19801230089799I,AIRPLANE STRUCTURE,1
19790718017739A;19810303007119A,VEERED OFF RUNWAY,2
19810303007119A,HITTED PARKED AIRPLANE,1
19820725041999I,LOOSE COWLING,4
19820725041999I,RETURNING TO LAND,1
19820725041999I,CRACKED WINDSHIELD,1
19820725041999I,DENTED STABILIZER,1
19821117066379I,UNABLE TO PRESSURIZE,1
19821117066379I,FOUND ACCESS DOOR SLIGHTLY OPEN,1
19821117066379I,DEPRESSURIZED,1
19821117066379I,DOOR OPENED FULLY,1
19821117066379I,STOPPED BY FUSELAGE,1
19840121015319I,DRIFTED OFF THE EDGE,2
19840121015319I,CARBURETOR BOWL,1
19840121015319I,SOLID ICE,1
19790319004969A;19790410008789A;19790801021959A;19791102034159A;19840821046409A,ENGINE FAILURE,5
19840821046409A,NOT HAD ANNUAL INSPECTION,1
19781102023729I;19841214074599I;19870309039779I;19901101064289I;20050429009279I,TAXIING,10
19841214074599I,NOSEWHEEL,1
19780525040389I;19800822082749I;19841214074599I,BRAKES,5
19781110039789A;19790209002599A;19790319004969A;19790508100289I;19790510009019A;19790703018439I;19790813023739A;19790823023209I;19791014005659A;19791222048699I;19800113015049I;19800115013869I;19800615052619I;19841214074599I;19940412011509I;19950602032329I;20050429009279I;20070630826079I,AIRCRAFT,21
19841214074599I,FENCE,1
19841214074599I,OPEN,1
19850315007389A,LOWER ALTITUDE,1
19790718017739A;19850315007389A;19960504009509A,LOST CONTROL,3
19850315007389A,ALTIMETER,2
19850315007389A,IFR CERTIFIED,1
19850315007389A,ICING FORECAST,1
19850418016709I,ENGINE POWER FAILURE,2
19850418016709I,AEROBATICS,1
19800604051679I;19850418016709I,LANDED IN FIELD,2
19850418016709I,VISUALLY INSPECT FUEL TANKS,1
19850525020799A,TOWNSHIP,1
19850525020799A,3 MILES FROM AIRPORT,1
19850729066139I,SHEN HARNESS,1
19850729066139I,ELEVATOR CABLE,1
19850729066139I,STICK BOOT,1
19850729066139I,FLOOR,1
19790113001939I;19790829023019A;19790916031359A;19800427044589I;19850729066139I;19911222062669I,LANDED,6
19780401007929I;19780616046129I;19780726036499I;19780901016759I;19790220007249I;19790427100619I;19790429025299I;19790729018879A;19800413049409I;19800619055649I;19860228038269I;19870319012959I,NOSE GEAR,16
19860228038269I,RETURNED,1
19860228038269I;19870319012959I,PIN,2
19860228038269I,AFTER PREVIOUS MAINTENANCE,1
19790207005339I;19860128014289I,FORWARD CARGO DOOR,3
19860128014289I,AIRCRAFT TOOK OFF,1
19860128014289I,OBJECTS DROPPED OUT,1
19860128014289I,FORWARD CARGO DOOR OPENED,1
19860128014289I,WARNING LIGHT,1
19860128014289I,FAILED TO SEE WARNING LIGHT,1
19860706034879A,LOST POWER ON TAKEOFF,1
19860706034879A,FLIPPED ON LANDING,1
19790703018439I;19860706034879A,TANKS,2
19780110002479I;19780403009359I;19780518033959I;19780522035289I;19780529040959I;19780704042039I;19790111000619I;19790210006409I;19790211007509A;19790316004809A;19790528028209I;19790609024769A;19790622017219I;19790809030499I;19791022029739A;19800128019739I;19800403047119I;19800415047829I;19860706034879A;19980508008619A,FUEL,23
19860530030499A,ENGINE OVERHEAT,3
19860530030499A,HOT OIL SMELL,1
19860530030499A,NOSED OVER IN FURROWS PLOWED,2
19861114075329I,ENTERED TCA,1
19861114075329I,WITHOUT ATC COMMUNICATION,1
19861114075329I,MALFUNCTIONING ENCODING ALTIMETER,1
19870309039779I,STRUCK N106DA,1
19870309039779I,BRAKE PROBLEMS,1
19870309039779I,PILOT WAS UNAWARE OF,1
19870523018729A,CANOPY,2
19870523018729A,UNCONTROLLED GROUND COLLISION,2
19870523018729A;19871027060859A,PILOT ERROR,2
19870523018729A,REPORTED,1
19870606018859A,UNABLE TO STAY AIRBORNE,4
19791108054919I;19870606018859A;19911222062669I,ABORTED,4
19870606018859A,GROUND LOOPED INTO A TREE,2
19870606018859A,MAG SWITCH,3
19871027060859A,ELECTRIC POWER,1
19871027060859A,STRUCK POWER POLE,3
19870816062719I,COPPER TUBE,2
19870816062719I,AERIAL BANNERS,1
19870816062719I,ROOF OF A HOUSE,1
19871211075169A,ROUGH ENGINE,2
19780625035919I;19871211075169A;19950527014439A,CLIMBOUT,3
19871211075169A,LANDED ON CITY STREET,1
19880527016939A,INITIAL CLIMBOUT,1
19780811037539I;19800712077549I;19880527016939A,FUEL TANK,3
19880527016939A,EMPTY,1
19880527016939A,TRIP,1
19880527016939A,GET FUEL,1
19780829037939I;19790807029669I;19890723054159I,LANDING,3
19890723054159I,INSUFFICIENT NUMBER OF SEATS AND OXYGEN MASKS FOR PASSENGERS ONBOARD,1
19890725041869I,ENGINE START,1
19890725041869I,FULL AFT POSITION,1
19890725041869I,PUSH THROTTLE IN,1
19890725041869I,COLLIDED WITH PARKED PLANE,1
19900425011659A,FERRY FLIGHT,4
19780610045289I;19800508011869A;19900425011659A,RAN OUT OF FUEL,3
19900425011659A,LEFT PONTOON SEPARATED LANDING IN A POND,1
19900425011659A,FUEL CAP NOT SECURED,1
19900425011659A,FUEL SIPHONED,1
19800716028479A;19901101064289I,FUEL CAP,5
19780309015599I;19800129020179I;19901101064289I,RIGHT TANK,3
19901101064289I,GAS ESCAPING,1
19780206006039I;19780228000419I;19780603041639I;19780617046219I;19780629034269I;19780808049579I;19780831038519I;19790309032649A;19790510009019A;19791222048699I;19800120016369I;19800128019789I;19800331045949I;19800624056299I;19800721061969I;19800807063609I;19901101064289I;19980415037339I;20070202001609A,FLIGHT,34
19901101064289I,CLEANING WING,1
19910710026989A,REPORTED PROBLEM,4
19910710026989A,STALLED AND CRASHED,1
19910710026989A,NO LOCKING PINS IN SEAT TRACK,1
19910710026989A,SEAT PIN BENT,1
19910710026989A,BELT NOT FASTENED,1
19911222062669I,FIRST FUEL CAP,1
19790119001139A;19911222062669I,AFTER LIFTOFF,3
19911222062669I,SAME RUNWAY,1
19911222062669I,RAN,1
19911222062669I,OFF SIDE OF RUNWAY,1
19790222003429A;19790515018139A;19920405008919A,ATTEMPTED TAKEOFF,8
19920405008919A,2500 FT SOD STRIP,1
19920405008919A,GUSTY NORTH WIND,1
19920405008919A,END OF STRIP,1
19790623022919A;19920405008919A,CRASHED,2
19930530020029I,LOST CONTROL OF AIRCRAFT ON TAKEOFF ROLL,1
19930530020029I,PILOTS SEAT,2
19930530020029I,SLID AFT ON ACCELERATION,1
19940226003029A;19950527014439A,LAST FLIGHT,8
19940226003029A,EN ROUTE,1
19940226003029A,PRIVATE STRIP,1
19940226003029A,FUEL CAP LEAK,2
19940412011509I,FLIGHT MANUAL,3
19940412011509I,STRUCK TRUCK WINDSHIELD ON GROUND,1
19940412011509I,LANDED SAFELY,1
19940818022409A,LEFT ENGINE,4
19940818022409A,H71,1
19940818022409A,BEGAN GO AROUND BELOW VMC,1
19940818022409A,BAD OIL LEAK,1
19940818022409A,CRACKED ENGINE CASE,1
19940815046149I,BATTERY COMPARTMENT DOOR,1
19940815046149I,ANTENNA CRACKED WINDSHIELD,1
19950314029269I,N7016M,1
19950314029269I,AMATEUR BUILT AIRCRAFT,1
19950619021589I,HEADING,3
19950619021589I,OFF AIRPORT,1
19791108054919I;19950619021589I,MAIN GEAR,2
19950619021589I,OIL,1
19950527014439A,AFTER TOW RELEASE,1
19950527014439A,IMPACT,1
19950527014439A,RIGHT AILERON,1
19950804028629A,LONGERON,3
19780205005989I;19790622017219I;19800403047119I;19950804028629A;19980508008619A,LOST POWER,8
19950804028629A,MISREAD WATER IN SUMP TO BE FUEL,1
19950216008379I,CESSNA 207,2
19950216008379I,BETHEL AIRPORT,1
19791116043249A;19950826026019A,EXPLOSION,7
19950826026019A,PITCHED UP,1
19950826026019A,COMPRESSOR STALL NR1 ENGINE,1
19950826026019A,FAILED RELEASE LOGS,1
19950826026019A,USE SE PROCEDURES,1
19951031041599A,CLIMBOUT NOSE BAGGAGE DOOR,1
19951031041599A,ON CLIMBOUT NOSE BAGGAGE DOOR,2
19951031041599A,REDUCED POWER,1
19800608019219A;19951031041599A,STALLED,4
19951031041599A,ROLLED,1
19951031041599A,DIVED INTO OCEAN,1
19951031041599A,TEST FLIGHT,2
19951031041599A,STORAGE,1
19960504009509A,FAILED TO DETACH TRAILER TIE DOWN,2
19960504009509A,ROLLED ON LIFT OFF,1
19960504009509A,(-23),2
19960524045629A,NOSE BAGGAGE DOOR,1
19960524045629A,BAGGAGE,1
19960524045629A,HIT LEFT PROP,1
19960524045629A,BELWO UMC,1
19960524045629A,LANDED ON SEA ICE,1
19960524045629A,WILL FLY DOOR,1
19790309032649A;19970523014439I,CARGO DOOR,4
19970523014439I,RUNWAY CONDITIONS,1
19970523014439I,STEVEN'S VILLAGE,1
19970828026989A,LONG POP ON TAKEOFF ROLL,3
19970828026989A,LOST RUDDER CONTROL,3
19970828026989A,EXITED RWY INTO CORNFIELD,3
19970828026989A,HAD FAILED TO LOCK THE TAILWHEEL,3
19970908038069A,TIEDOWN CHAINS,6
19970908038069A,TIRED TAXI,1
19970908038069A,ROLLED OVER,1
19970908038069A,PILOT FAILED,1
19970908038069A,SKIDS DUE HIGH WIND,2
19970908038069A,RAMP PERSON,1
19971226042729I,NR2 ENGINE FIRE,3
19971226042729I,LOADING PASSENGERS AT GATE,1
19971226042729I,SMOKE CLEARED,1
19971226042729I,FUEL LEVER,1
19980620030289I,Mr. Kadera,2
19980620030289I,HIGHWAY 93,1
19980616023109I,SEPERATED,1
19980616023109I,COWL,1
19980616023109I,ENGINE COWLING SEPERATED,1
19990714022959I;20060718018299I,DEPARTURE,3
19990714022959I,FRONT RANGE AIRPORT,1
19990714022959I,HOURS OF DARKNESS,1
19950602032329I,TAXIWAY LIGHT,2
19950602032329I,CONTINUED TO LIT,1
19990923027739A,CIERNIA GLASAIR III,1
19990923027739A,1900 HOURS PACIFIC DAYLIGHT TIME,1
19960322013629I,THE AIRCRAFT,3
19800523016979A;19960322013629I,MAINTENANCE,2
19960322013629I,GEAR BLOCKED DOWN,1
19960322013629I,NOSE BLOCK FELL OUT,1
19960418007829A,CRASHED AND BURNED,2
19960418007829A,AFTER DEPARTURE FROM A GRASS RUNWAY,1
19960418007829A,GRASS RUNWAY,1
19961027033759A,CONNECTING ROD,3
19961027033759A,HYDRO LOCK IN NR5 CYL ON STARTUP,1
19961027033759A,HIT COUNTER WT,1
19961027033759A,PORP SHAFT,1
19980415037339I;20010910029739I,NOSE LANDING GEAR,3
19780616046129I;19780901016759I;19980415037339I,JAMMED,3
19980508008619A,ENROUTE,1
19980508008619A,NOSED OVER LANDING,1
19980508008619A,SLOPE,1
19980508008619A,NO EVIDENCE AT SCENE,1
19980508008619A,FAILED TO VISUALLY CHECK FUEL,1
19980508008619A,NO EVIDENCE OF FUEL AT SCENE,1
19750905025029A;19780822026439A;19781020041019A;19790429005459A;19790513010459A;19790609024769A;19790623022919A;19791228036809A;19990213001379A,ACFT,19
19790726019139A;19990213001379A,TAKE OFF,2
19990213001379A,RAN INTO A DITCH,1
19990213001379A,STRUCK A TREE,1
19991230042089A,SHORTLY AFTER,1
20000215041409A,1825,1
20000215041409A,Eastern Standard Time,1
20000215041409A,Beech 1900D,1
20000215041409A,Skyway Airline Flight,1
20000215010329A,MR. TIMOTHY ALLEN WELLS,3
20000215010329A,BELL HELICOPTER MODEL BHT-47-G5,3
20010411006739I,HELIPAD,1
20010411006739I,RPM CONTROL,1
20010421009329I,CRUISE FLIGHT,1
20010421009329I,-23,1
20010421009329I,RPM LOSS,1
20010421009329I,COULD NOT MAINTAIN ALTITUDE,1
20010421009329I,MADE AN EMERG,1
20010910029739I,CFI,2
20010910029739I,TAXI OUT,1
20010910029739I,GREEN LIGHT OUT,1
20010910029739I,ATTEMPTED TO SWAP LIGHTS,1
20030620012809I,OIL FILLER CAP NOT SECURE,1
20030620012809I,OIL COMING OUT OF ENGINE,1
20030607012509A,LOCAL FLIGHT,1
20030607012509A,1147 AM LOCAL TIME,1
20040304003309I,SLIDING OR HYDROPLANING,2
20040304003309I,AFTER NORMAL TOUCHDOWN,1
19790623014019A;20040304003309I,LEFT SIDE OF RUNWAY,2
19780228000419I;19790427100559I;19790602009889A;19800504044909I;20040925025079A,FUEL CONTAMINATION,7
20040925025079A,AIRFRAME FUEL FILTER,1
20040925025079A,FUEL FILTER,1
20040925025079A,ENGINE DRIVEN FUEL PUMP FILTER,1
20050504010229A,VIBRATION,2
20050504010229A,APU DOOR STRUCK MAIN ROTOR BLADE,1
20050504010229A,INFLIGHT,1
20050504010229A,APU DOOR,1
20050504010229A,MAIN ROTOR BLADE,1
20050429009279I,PARKING,1
20050429009279I,CARGO TRIP,1
19781119026389I;19800429039119A;19800615052619I;20050429009279I,TAXIWAY,5
20050713014239I,AN RAYTHEON AIRCRAFT CO. B36TC (BONANZA),2
20050713014239I,2005,1
20050713014239I,HAVENS LEASING,1
20051009024969I,HELICOPTER ENGINE POWER CHECKS,1
20051009024969I,PILOT AND ONE CREWMEMBER,1
20060718018299I,FAILURE TO SECURE FUEL TANK CAPS,2
20060718018299I,PILOT IN COMMAND (PIC),1
19790807024709A;19791029027649A;19800620022039A;20060621012279A,SEAT,10
20060621012279A,OVERROTATE,1
20060621012279A,ROTATION,1
20070202001609A,NOTH PLATTE,1
20070202001609A,487 STATUTE MILES,1
20070202001609A,NEAR GRINNELL,1
20070630826079I,CLIMB AIRCRAFT ENGINE,3
19790207005339I;19790609011809A;19790716019189I;20070630826079I,AFTER TAKEOFF,4
20070630826079I,RAY AIRPORT,1
19750315005389A,TAILWHEEL,1
19750315005389A;19780607016509A;19781117041969A,TKOF,4
19750419011349A,TOW PLANE,2
19750419011349A;19800423010499A,SETTLED,2
19750419011349A;19780429007189A,HIT TREE,2
19750419011349A;19790321010439A,STUDENT,4
19750419011349A,TOW IN TROUBLE,1
19750419011349A,RELEASED,1
19751029037799A,2ND ILS APCH,1
19751029037799A,TUNED TO WRONG FREQ,1
19751209037899A,PLT NOTED,4
19751209037899A,SOFT R BRAKE PEDAL DRG TAXI,1
19751209037899A,TKOF.FLT RTND,1
19751209037899A,SPRINGFIELD DUE,1
19751209037899A,SOFT BRAKE STRONG WINDS BOS,1
19750818025579A;19780102000459I;19790107000829I;19790306009619I;19790605014429I;19790929042239I;19800225005279A;19800309042889I;19800507051499I,TAXI,18
19750818025579A,HARD SFC DUE TFC R MAIN,1
19750818025579A,BROKE THROUGH ROOF,1
19750818025579A,A WASHED OUT UNDERGROUND TUNNEL,1
19750905025029A,6 IN RUT,2
19750905025029A,GRASS TAXIWAY NOSE,1
19750905025029A,NOT TRUE,1
19750923031109A,DEP FOR DEST,2
19750923031109A,KNOWN ELEC PROB,1
19750923031109A,EMERG GR DOWN SYS,1
19760215007629A,MTNS,1
19760215007629A,FLT TO CK VOR REC REPTD INOP PRIOR DAY,1
19760531024959A,MAINT NOT PERFORMED,2
19760531024959A,NOT AVAILABLE,1
19760531024959A,TURBOCHARGER WASTE GATE,1
19760507010379A,LEFT ENG OIL SUPPLY,1
19760507010379A,EXHAUSTED,1
19760507010379A,GEAR-UP LDG,1
19760507010379A,MESQUITE BRUSH,1
19760507010379A,DENSITY ALT,1
19760507010379A,7200FT,1
19761021035989A;19761022033409A;19770610021339A;19770622018359A;19780805024609A,PLT,12
19761022033409A,WNDSHD,1
19761022033409A,WINDOWS FOGGED UP,1
19761022033409A,VFR DEPARTURE,1
19761021035989A,PREV NOSE WHEEL VIBRATION,1
19761021035989A,GR SAFE LGT,1
19761021035989A,WIND GUSTING 23KTS,1
19760730023679A,ELECT SYST,2
19760730023679A,GENERATOR CIRCUIT BREAKER SWITCH NOT ENGAGED,1
19760730023679A,NOT TIME TO EXT.GEAR MANUALLY,1
19760715023479A,GRASS FIRE,1
19760715023479A,SKID,2
19760715023479A,REFUELING LINE,1
19761119035559A,BANNER PICK UP,3
19761119035559A,TOW ROPE,1
19761119035559A,L LNDG GR.PLT,1
19761119035559A,UN MAINTAIN FLT,1
19770506041719A,ATTEMPT,3
19770506041719A,R ENG,1
19770506041719A,L MAG EXCESSIVE DROP,1
19770506041719A,UN FEATHER DUE PRESSURE SWITCH MALFUNCTION,1
19770120001659A,RUDDER GUST LOCK,2
19770120001659A;19791126034419A,ICE ON WINGS,2
19770120001659A,OVERWEIGHT,1
19770702018479A,RUDDER CABLE,1
19770702018479A,BATTERY BOX SUPPORT STRUCTURE,1
19770814024089A,L MAG INOP.#5,1
19770814024089A,CYL COMPRESSION 25/80,1
19770530012939A,WRONG PROP INSTALLED,1
19770530012939A,UNKNOWN,1
19770528021299A,FLUID,3
19770528021299A,1/2 CUP,1
19770528021299A,R BRAKE,1
19770528021299A,PRIOR TO DEPARTURE,1
19770705018649A,MIXTURE CONTROL BALL BEARING,1
19770705018649A,HANDLE,1
19770622022049A,OIL FILLER CAP,2
19770610021339A,ACFT N42807,2
19770610021339A,SUBSTANTIALLY DMGD,2
19770610021339A,TOTAL HYD FAILURE,2
19770610021339A,ACFT N7930C,1
19770610021339A,CONTINUED TAXIING,1
19770622018359A,EMERG LNDNG GR EXTNSN,1
19770622018359A,ELECTRICAL PWR FAILURE,1
19770617020389A;19790808027309A,INSUFFICIENT ALTITUDE,3
19770617020389A,UNSUCCESSFUL AUTOROTATION,1
19770530015519A,CHOKER CABLE,1
19770530015519A,STRUCK T/R,1
19770703018529A,ANNUAL,1
19770703018529A,FIRST FLT AFTR ANNUAL,1
19770706020519A,AN175-16,3
19770706020519A,TORQUE LINK CENTER SCISSORS,1
19770706020519A,WASHER CRACKED,1
19770706020519A,SEPARATED FRM BOLT,1
19770912040629A,APRX 1745LBS OVR MAX GWT.ENG,2
19770912040629A,AUTOFEATHER NOT CONNECTED,1
19770912040629A,100 OCTANE FUEL,1
19780106001449I,OUT OF FUEL,1
19780108002219I;19780626034739I;19790414012459I;19790421024749I;19790916031359A;19800217031679I,FUEL SYSTEM,7
19780108002219I,FROZEN WATER,2
19780113002859I,UNLOCKED DOOR,1
19780113002859I,UNABLE TO STOP BEFORE STRIKING SNOW BANK,1
19780129004679I,LANDING MADE ON FROZEN LAKE,1
19780129004679I,ICE RESTRICTION,1
19780129004679I,MAIN FUEL STRAINER,2
19780129004679I,FROZEN LAKE,1
19780203005449I;19791014052729I,ROUGH,2
19780203005449I;19780904017739I;19781009029939I,JET FUEL,3
19780205005989I,THEN QUIT,1
19780205005989I;19780225001789I,CARBURETOR,2
19780205005989I;19790622017219I,CONTAMINATED WITH WATER,2
19780121004029I,GEAR SWITCH,1
19780121004029I;19800118015029I,DOWN POSITION,2
19780121004029I;19780526040429I,GEAR RETRACTED,2
19780121004029I,TAKE OFF ROLL,1
19780130004789I,POSITION OF GEAR HANDLE,1
19780130004789I;19780208007759I;19780409009699I;19780421012829I;19790421024669I;19790812030579I;19800820066389I,GEAR,13
19780130004789I,ON TAKEOFF ROLL,1
19780102000459I;19780316008589I;19781119026389I;19800225005279A,DITCH,4
19780102000459I;19781102023729I;19781108022269I;19790313008789I;19800615052619I,NIGHT,5
19771213042839A,RUDDER,1
19771213042839A,AIL CTL LOCKS INSTALLED,1
19771213042839A,REAR CG,2
19771213042839A,FORWARD OF REARMOST LIMIT,1
19771213042839A,AFT OF OPTIMUM RANGE,1
19771104034549A,RT BRAKE PUCK 70,1
19771104034549A,FADING FOR LAST WK,1
19770927027719A,REAR COMPTMT,2
19770927027719A,FLOATS,1
19770927027719A,AFT CG LMT,1
19770927027719A,THROTTLE,1
19770927027719A,FRICTION LOOSE,1
19780115003139I,NEW AIRCRAFT,2
19780115003139I,PARTIALLY OPENED ON PREFLIGHT,1
19780115003139I,NOT AWARE OF PURPOSE OR OPERATION OF QUICK DRAIN,1
19780206006149I,FAILED TO REMOVE TOW BAR BEFORE TAKEOFF,1
19780206006149I,STRANGE NOISE DURING RETRACTION,1
19780206006149I;19790220007249I,NOISE,4
19780206006149I,GEAR EXTENDED OK,1
19780206006149I,LANDED OK,1
19771016042599A,WIND GUST,1
19771016042599A,25,1
19780206006039I,NOT BEEN LATCHED PROPERLY,1
19780208007759I,SAFE LIGHTS,1
19780208007759I,HYDRAULIC RESERVOIR OUT OF FLUID,1
19780210006769I,200 feet,1
19780210006769I,QUIT AT 200 FEET AFTER TAKEOFF,1
19780210006769I;19780725039589I,WATER IN THE FUEL,2
19780210006769I,NO PILOT CERTIFICATE,1
19780210006769I,ENGINE QUIT AT 200 FEET AFTER TAKEOFF,2
19780210006769I,NO ANNUAL,1
19780211006969I,NOSE GEAR COLLAPSE,3
19780211006969I,WAITING FOR TAKEOFF,1
19780211006969I,EARLIER COLLAPSE,1
19780211006969I,NOT BRACED,1
19780219007659I,QUIT DUE TO ICE IN THE FUEL SYSTEM,1
19780212006439I,FROST ON THE WINGS,1
19780212006439I,FAILURE TO USE FULL POWER,1
19780213006479I;19780221000179I,LOW OIL PRESSURE,2
19780213006479I;19781120025989I,DIP STICK,3
19780213006479I;19781120025989I;19790928049769I,ENGINE SHUT DOWN,3
19780218007139I,PILOT INTENDED TO FLY LOCALLY,1
19780218007139I,RECENT BLIZZARD,1
19780218007139I,SNOW PACKED IN ENGINE COWL,1
19780225001789I,STOPPED SHORTLY AFTER TAKEOFF,1
19780225001789I;19790204002289A,GASCOLATOR,2
19780225001789I,CONTAINED WATER,2
19780225001819I,FUEL GAUGE FAULTY,1
19780307014069I,UNLIGHTED BARRICADE,1
19780307014069I,TAXI FROM LANDING,1
19780221000179I;19790207002469A;19790321010439A;19790524200519I;19790904034369I;19790919027319A;19800223026959I;19800607046889I;19800716028479A,EMERGENCY LANDING,12
19780221000179I,NOT CHECKED OIL BEFORE TAKEOFF,1
19780228000419I,ENGINE SURGING IN FLIGHT,1
19780303015509I,ELECTRICAL EMERGENCY,1
19780303015509I,JUMP START AND TAKEOFF,1
19780303015509I;19781216025369I;19800118015029I;19800619055649I,LANDING GEAR,5
19780303015509I;19780421012829I,TOUCHDOWN,2
19780311016379I;19790102000919I;19790203005099I,LOST DIRECTIONAL CONTROL,3
19780311016379I,WORN OUT BRAKES,1
19780311016379I,EMPTY BRAKE RESERVOIR,1
19780327010619I,FUEL CAPS ON BACKWARD,1
19780327010619I,NON AVAILABLE FUEL,1
19780327010619I,RAN OUT,1
19780421012829I,AIRCRAFT LIGHT DIMMING ON NIGHT FLIGHT,1
19780421012829I,GEAR HANDLE DOWN,1
19780316008589I,BRAKE FAILURE,1
19780316008589I,SYSTEM NEEDED TO BE PURGED OF AIR,1
19780319009079I,BOLT IN NOSE GEAR SCISSORS,2
19780319009079I,LIFTOFF,2
19780319009079I;19781018032569I;19790316009739I,NOSE WHEEL,5
19780325010349I,WATER CONTAMINATION IN THE FUEL SYSTEM,1
19780328011399I,QUIT AFTER LIFT OFF,1
19780328011399I,WATER IN THE FUEL SYSTEM,1
19780330011569I,EXTENDED GEAR MANUALLY,1
19780330011569I;19780402009009I;19790929049639I;19800109001489A,GEAR COLLAPSED,4
19780330011569I,BOTH GENERATOR ARMATURES EXTREMELY GALLED,1
19780402009009I,ROLLOUT,1
19780402009009I,ELECTRICAL FAILURE ON FINAL,1
19780402009009I,EMERGENCY GEAR EXTENSION,1
19780401007929I,HOLE IN TAXIWAY,2
19780401007929I,MUD AND LOOSE GRAVEL,1
19780403009359I,LANDED SHORT OF RUNWAY,1
19780403009359I,SHORT FINAL,1
19780403009389I,FORCED LANDING ON HIGHWAY,1
19780403009389I,FUEL GASOLATOR,1
19780403009389I;19790414012459I,CONTAMINATION,2
19780403009389I,FUEL GASOLATOR CONTAMINATION,1
19780409009699I;19790710018689I;19800427044589I,ELECTRICAL FAILURE,3
19780409009699I,COLLAPSED AFTER TOUCHDOWN,1
19780210005719I,CARB. HEAT ON,1
19780210005719I;19790414012459I;19800223026959I,ENGINE STOPPED,5
19780210005719I,CONTROL VALVE,2
19780210005719I,STUCK FROM ICE AT 1/2 OPEN,1
19780416008469I,ENGINE TO QUIT ON TAKEOFF,1
19780416008469I,DAMAGE TO GEAR,1
19780416008469I,PLANE HIT TAXIWAY LIP AFTER LANDING,1
19780309015599I,VACUUM IN THE TANK,1
19780309015599I,NON-VENTED CAP,1
19780309015599I,DUE TO FUEL LEAK,1
19780413019379A,0.10 LVL ALCOHOL,2
19780413019379A,LIVER SPEC.45LBS,1
19780413019379A,RQD FOR LVL FLT,1
19780507032369I;19800815066579I,OIL LEAK,2
19780507032369I;19780623036419I,LOOSE OIL CAP,2
19780525040389I,INEFFECTIVE ON LANDING,1
19780525040389I,RAN THROUGH FENCE,1
19780617046219I,RETURNED DUE TO MAG. FAILURE,1
19780617046219I;19790719019309I,PILOTS,2
19780617046219I,TOOK OFF BEFORE REPAIRS WERE COMPLETED,1
19780427013959I,FAILURE OF 2 TIRES,2
19780429014759I,FUEL CAP OFF AIRCRAFT,3
19780429014759I,THOROUGH DRAINING OF SUMPS WITH WATER IN FUEL,1
19780429014759I,LANDED ON FREEWAY,1
19780501031459I;19800408048109I,UNSCHEDULED LANDING,4
19780501031459I,OIL COMING FROM ENGINES,1
19780501031459I,BOTH OIL CAPS NOT LOCKED PROPERLY,1
19780503031639I,FAULTY GEAR ACTUATOR,1
19780504031959I,DOOR,1
19780504031959I,LATCHED DOOR,1
19780504031959I;19780808049829I,RAN OFF SIDE OF RUNWAY,2
19780514033439I,ENGINE FIRE,1
19780514033439I,BIRDS NEST,1
19780518033959I,THE THIRD TOUCH AND GO ENGINE,3
19780518033959I,BACKFIRED,1
19780518033959I;19800712077549I,QUIT,2
19780518033959I,LANDING STRAIGHT AHEAD,1
19780518033959I,PROBABLY WATER IN FUEL,1
19780519033989I,JETWAY,1
19780519033989I,TAXII,1
19780522035289I,QUIT ON TAKEOFF,1
19780526040429I,GEAR HANDLE IN UP POSITION,1
19780526040429I,TURNED HYDRAULIC ON,1
19780528040689I,WORKING ON HOME-BUILT,2
19780528040689I,TOOK OFF,1
19780528040689I;19790210002639A,AILERON CONTROLS,2
19780529040959I,AT CRUISE,1
19780529040959I;19790111000619I,WATER IN,2
19780529040959I,ON NOSE,1
19780529040959I,MARSHY AREA,1
19780515023299A,CABLE,1
19780515023299A,L SKID,1
19780603041599I,FLOAT PLANE,3
19780603041599I,SANK,1
19780603041599I,WATER IN FLOATS,1
19780603041599I,BALL COVERS GONE,1
19780603041629I,FLOAT STRUT,3
19780603041629I,COLLAPSED DURING TAKEOFF RUN,1
19780603041629I,DAMAGED FROM PREVIOUS HARD LANDING,1
19780610045289I,SPRING LOADED TANK DRAIN VALVE,1
19780610045289I,PARTIALLY OPEN,1
19780613045599I,QUIT DUE TO WATER IN THE FUEL SYSTEM,1
19780527014729A,ACORNS,1
19780527014729A,CARB AIR BOX ASSEMBLY,1
19780616046119I;19790318009019I;19790412014049I;19800128019789I,PRECAUTIONARY LANDING,9
19780616046119I,LOW POWER,1
19780616046119I,CARBURETOR HEAT WAS PARTIALLY OPEN,2
19780616046119I,OVER RICH MIXTURE,1
19780616046129I,COLLAPSED ON TOUCHDOWN,1
19780616046129I,NOSE GEAR DOORS,1
19780619046649I,CONTROL PROBLEMS,1
19780619046649I,INBOARD END OF AILERON PUSH ROD WAS NOT CONNECTED,1
19780622016229A,ROPE,1
19780622016229A,GLIDER WHEEL BRACKET,1
19780429007189A,PLT SHUT,1
19780429007189A,ENG WING,3
19780429007189A,IL CAP ADJACENT,1
19780623018469A,LOOSE BATTERY POST,1
19780623018469A,LOSS OF ALTERNATOR EXCITING CURRENT,1
19780603041639I,REAR CABIN ENTRY DOOR OPEN,1
19780603041639I,REAR CABIN ENTRY DOOR CLOSED IN FLIGHT,1
19780607010749A,NOSE DOWN TRIM,1
19780607010749A,FULL NOSE DOWN TRIM,1
19780607016509A,NOT REMOVED,1
19780623036259I,BEACH,1
19780623036259I,SMOKE AND FUMES,1
19780623036259I,GRASS AND DIRT IN ENGINE COMPARTMENT,1
19780623036419I,OIL ON WINDSHIELD,1
19780624034629I,STRUCK WIRES,1
19780624034629I;19800128019739I,STOPPED,2
19780624034629I,STARTED AGAIN,1
19780624034629I,SWITCHING TANK,1
19780624034629I,ENGINE STOPPED AND STARTED AGAIN,1
19780624034629I,VENT,1
19780624034629I,STOPPED UP BY MUD DAUBERS,1
19780625035919I,250 FEET,1
19780625035919I,WATER AND OTHER FOREIGN MATERIAL,1
19780625035919I,GASCOLATOR BOWL,1
19780625035779I,FUEL SELECTOR MOVED BY A PASSENGER DURING LOADING,1
19780625035779I;19790421024749I,SOON AFTER TAKEOFF,2
19780626034739I,NEWLY PURCHASED AIRPLANE,3
19780626034739I,OUTSIDE,1
19780812020899A,MUD DOBBER(WASP)NEST,1
19780812020899A,FUEL VENT LINE,1
19780810035619A,ALFALFA FIELD,2
19780810035619A,LOW OIL STATE,2
19780820049069I,LOSS OF ENGINE POWER AFTER TAKEOFF,2
19780820049069I,LANDED STRAIGHT AHEAD IN OAT FIELD,1
19780805024609A,MIXTURE CONTROL TO CUT OFF POSITION,1
19780805024609A,LEAN MIXTURE,1
19780704042039I,INOPERATIVE RADIO,1
19780704042039I,DESTINATION,1
19780704042039I;19790113001939I,AIRPORT,2
19780822026439A,SEAT RETAINERS MISSING,1
19780726036499I,DUE TO INFLATION AND CAM ADJUSTMENT,1
19780629034269I,FILED IFR,1
19780629034269I,TOOK OFF VFR,1
19780629034269I,CONSIDERED A RADIO FAILURE BY ATC,1
19780629034269I,CARGO DOOR WAS OPENED ON TAKEOFF,1
19780725039589I,55 GAL DRUM,1
19780725039589I;19781128024449I;19790211007509A;19790623022919A;19800223029599I;19800415047829I;19800712077549I,WATER,8
19780708043109I,MAIN FUEL SUMP,1
19780708043109I,DURING PREFLIGHT,1
19780708043109I;19791216046619I,POWER,4
19780708043109I;19780723038809I;19791023031609A,STUDENT PILOT,3
19780708043109I,MAIN FUEL SUMP LEFT OPEN,1
19780708043109I,OVERSHOT,2
19780708043109I,POWER LOST,1
19780708043109I,AIRPORT LANDING,1
19780723038809I,FUEL DRAIN RUNNING AND NOT DETECTED,1
19780808049579I;19781120025989I,OIL LOSS,2
19780808049579I,FAILED TO SECURE OIL STICK,1
19780808049829I,LOOSE WHEEL FAIRING JAMMED TIRE ON TAKEOFF,1
19780809049919I,LEFT GEAR,1
19780809049919I,COLLAPSED ON ROLL OUT,1
19780809049919I,HYDRAULIC SYSTEM,1
19780809049919I,LOW ON FLUID,1
19780811037539I,DRAINED WATER,1
19780814037299I,FAULTY GEAR ACTUATOR SWITCH,1
19780814037299I,GEAR RETRACTED ON TAKEOFF,1
19780825038179I,15 MINUTES AFTER TAKEOFF,1
19780825038179I,LANDED ON GOLF COURSE,2
19780831038519I,COWLING LOOSE,1
19780831038519I;19790316009739I;19791108054919I,PROP,3
19780831038519I,COWLING,1
19780831038519I,BROKE INTO PIECES,1
19780901016759I,DEFLATED NOSE GEAR STRUT,1
19780907018599I,WING FLOATS,2
19780907018599I,NOSE GAR DOOR LINKAGE HAD BROKEN,1
19780907018599I,SHARP TURN,1
19780920018899I,EXPLOSION HEARD DURING ENGINE START,1
19780920018899I,PILOT MISTOOK FOR BACKFIRE,2
19780920018899I,BEGAN FLIGHT,1
19780920018899I,LATER,1
19780920018899I,FOUND EXHAUST TUNNELS DAMAGED,1
19781018032569I,TOW BAR,1
19781018032569I,WHEEL WELL,1
19781102023729I;19781230020029I,BATTERY,3
19781102023729I,GENERATOR FAILURE,1
19781102023729I,TOO WEAK,1
19781102023729I;19790511011259A,STRUCK DITCH,4
19781102023729I,TAXIING AT NIGHT,1
19780921019829I,TAXIING TO MAINTENANCE HANGAR,3
19780921019829I,LOST NOSE WHEEL STEERING,1
19780921019829I,WINGTIP HIT HANGAR,1
19780921019829I,CAUGHT ON FIRE,1
19780925018069I,SMOKE FROM NACELLE,1
19780925018069I;19790513026659I,ENGINE SHUTDOWN,3
19780925018069I,GEAR RETRACTED ON LANDING ROLLOUT,1
19780903028619A,EXCESSIVE WATER IN FUEL,1
19780923027059I;19791116043249A,FINAL,2
19780923027059I,GEAR PARTIALLY EXTENDED AND COLLAPSED ON TOUCHDOWN,1
19780908034669A,GENERATOR SHORTING,1
19780908034669A,ELECTRICAL SHORT CIRCUIT,1
19781020041019A,STRUCK COM POLES & CONCRETE WALL & BURNED,1
19781020041019A,NO 4 ROD ASY (PN 41A2) FAILED,1
19781020041019A,NO 4 ROD ASY (PN 41A2),1
19781020041019A,UNKN RSN,1
19781021036569A,DMGD WING,2
19781021036569A,AILERON DRG,1
19781021036569A,LDG,1
19781009029939I,LOST POWER AFTER LIFTOFF,1
19781009029939I,TAKEOFF RUNWAY,1
19780829037939I;19790111000619I,QUIT AFTER LIFTOFF,2
19780829037939I,REMAINING RUNWAY GEAR,1
19790119001139A,FAILURE TO CLIMB,4
19790119001139A,AIRFRAME ICE,1
19790119001139A,STRUCK A FENCE,1
19790119001139A,WENT INVERTED,1
19781108022269I,RAN OFF SIDE OF TAXIWAY,2
19781108022269I;19790313008789I,LANDING LIGHT,2
19781114026859I,QUITTED,1
19781114026859I;19790623022919A;19800322006789A,FUEL LINES,3
19781114026859I;19790204002289A;19790207005159I;19800119018919I,ICE,8
19781114026859I,FORCED LANDING IN FIELD,1
19781120025989I,SINGLE GENERATOR FAILED,1
19781128024449I,LANDING IN FIELD,2
19781128024449I,WATER IN FUEL SYSTEM,2
19781128024449I,FUEL STORAGE TANK,1
19781230019999I;19791015052549I;19791022054789I;19800716028479A,FUEL STARVATION,5
19781230020029I,ENGINE FALURE,3
19781230020029I,TOTAL ELECTRICAL FAILURE,1
19781230020029I,FUEL CONTROL UNIT,1
19790106001239I,BRK,2
19790106001239I,TIRES BLOWN ON LANDING,1
19790106001239I,PILOT FAILED TO RELEASE BRAKES,1
19790107000829I,FLAMED OUT,1
19790107000829I,6 QTS,1
19790107000829I,LEFT NACELLE,1
19790107000829I,WATER DRAINED,2
19790107000829I;19790507025919I,BOOST PUMP,2
19790111000619I,LANDED GEAR,1
19790111000619I,3 FOULED SPARK PLUGS,1
19790113001939I,WATER IN ALL OF THE FUEL SYSTEM,1
19790116002119I,EMERGENCY LIFT-OFF AND GO AROUND,1
19790116002119I,MAINTENANCE EQUIPMENT ON THE RUNWAY,1
19790123003659I,NO LEFT BRAKE,1
19790127003899I,INSTRUCTIONAL FLIGHT,2
19790127003899I,RAN OUT OF OIL,1
19790127003899I,ENGINE FAILED INTERNALLY,1
19781110039789A,1/4IN ICE,1
19781104034149A,R SKID,1
19781104034149A,R TIE DOWN STRAPS,1
19781205041369A,PLT SEL CERTIFICATED,1
19781205041369A,EARLY PART OF CRPATH BFR BREAK UP,1
19781119026389I,NO BRAKES,1
19781119026389I,INSUFFICIENT FLUID,1
19781216025369I,LANDING GEAR SELECTOR,1
19781216025369I,UP POSITION,1
19781216025369I,ON TAKEOFF,1
19790102000919I,RIGHT BRAKE MASTER CYLINDER,2
19790102000919I,NOT SERVICED FOR 5 MONTHS,1
19790127003859I,QUIT DUE TO WATER IN THE FUEL,1
19790127003859I,LOCAL STORAGE TANK,1
19781231044159A,HEAVY FROST,2
19781231044159A,ACT AND ICE,1
19781231044159A,TRIM HINGES,1
19781207022839I,SNOW BLOWN IN THE ENGINE COMPARTMENT,1
19781207022839I,SNOW,1
19781207022839I,MELTED,1
19781207022839I,MELTED SNOW,1
19781207022839I,FROZE UP THE THROTTLE LINKAGE,1
19781102039739A,GUST LOCK,1
19781102039739A,R WING,1
19781215040349A,HOOK RELEASE ELECTRICAL PLUG,1
19781215040349A,LOADED FROZEN TO THOUND,1
19781117041969A,FROST ON AIRCRAFT,2
19781117041969A,TURBOCHARGERS,1
19781129037719A,PLT RQSTD,3
19781129037719A,NITE,1
19781129037719A,3005,1
19781129037719A,2999,1
19781223039539A,GENERATOR CIRCUIT BREAKERS,2
19781223039539A,BOTH,1
19781228040429A,ELT IMPACT SWITCH,2
19790203005099I,RIGHT BRAKE,1
19790203005099I,BRAKE,1
19790207005159I,FUEL STRAINER,1
19790220007249I,GRINDING NOISE,1
19790220007249I,GEAR RETRACTION,1
19790220007249I,PARTIALLY RETRACTED,1
19790220007249I,STRUT,1
19790220007249I,WHEEL,2
19790220007249I,CANTED,1
19790223006939I,DEPARTING GATE JET,2
19790223006939I,B99,2
19790306009619I,DRAINAGE DITCH,1
19790306009619I,INOPERABLE LANDING LIGHT,1
19790313008789I;19790316009739I,RAMP,2
19790313008789I,BURNED OUT,1
19790316009739I;19800530018349A,GROUND,2
19790318009229I,ZG,1
19790318009229I,FUEL SELECTOR,1
19790318009229I,NOT POSITIONED PROPERLY,1
19790318009019I,LOW OVERCASE,1
19790318009019I,INSTRUMENT LIGHT INOPERATIVE,1
19790207002469A,ARMED FLARE GUN,1
19790207002469A,FALLING FROM GLOVE BOX,1
19790316004819A,UNABLE TO CONTROL AIRCRAFT DURING TAKEOFF,1
19790316004819A,RESTRICTED STEERING,1
19790316004819A,FROST,1
19790224005689A,SNOW REMOVAL,1
19790224005689A,SAID,2
19790224005689A,4 DAYS LATER,1
19790224005689A,WITNESSES,1
19790214002969A,FAILED TO ASSURE SEAT WAS LOCKED,1
19790214002969A,SEAT SLID BACK,1
19790214002969A,STARTED ENGINE,2
19790214002969A,PILOT WAS UNABLE REACH CONTROLS,1
19790214002969A,HIT PARKED ACFT,1
19790207005339I,NOT LATCHED,1
19790414012459I,SUDDENLY STOPPED,1
19790211007509A,CLIMB-OUT,1
19790211007509A,MATTER,1
19790211007509A,EMERGENCY CRASH LANDING,1
19790410008789A,FUEL TANKER,2
19790410008789A,COMPANY,1
19790410008789A,COMPANY'S FUEL TANKER,1
19790407008559A,ELEVATOR CONTROL JAMMED,1
19790407008559A,PARACHUTE,1
19790407008559A,REAR SEAT AND CONTROL STICK,1
19790321010439A,INSTRUCTOR,1
19790321010439A,MULTIENGINE AIRPLANE,1
19790321010439A,FEATHERING WRONG ENGINE,1
19790207002459A,FAILED ON TAKEOFF,1
19790207002459A;19790609024769A;19800217031679I;19800223029599I,FUEL TANKS,4
19790207002459A,FOUND WATER IN,1
19790222003429A,6700 FT ALTITUDE,1
19790222003429A,SETTLED ONTO ICE AND SNOW COVERED LAKE,1
19790412014049I;19790928049769I,ENGINE COWL,4
19790412014049I,LOOSE DZUS FASTENER,1
19790222003439A,ACRFT,2
19790222003439A,65 DAYS PRIOR TO ACCIDENT,1
19790222003439A,WATER FOUND IN FUEL,1
19790204002289A,FLEXIBLE HOSE,1
19790204002289A,BETWEEN AIR FILTER AND CARBURATOR,1
19790319004969A,CONTAMINATED FUEL,2
19790405013359I;19790605014429I,PILOT ATTEMPTED TAKEOFF,6
19790405013359I,RUDDER AND VERTICAL STABILIZER ZE,1
19790316004809A,STOPPED ON FINAL APPROACH,1
19790316004809A,AIRCRAFT STRUCK GROUND,1
19790316004809A,AIRCRAFT STRUCK GROUND SHORT OF RUNWAY,1
19790421024889I,TO THE GROUND,1
19790421024889I,BEYOND THE RUNWAY,1
19790210002629A;19790928027659A,FUEL STAINS,4
19790210002629A,WING DRAINS TO FUSELAGE,1
19790210002629A,FUEL ONBOARD,1
19790210002629A,LESS THAN 2 GALS FUEL ONBOARD,1
19790318010729A,STOPPED ON EMPTY TANK,1
19790318010729A,WOULD NOT START ON FULL TANK,1
19790318010729A,CRASHED SHORT OF RWY,1
19790309032649A;19800822082749I,AFTER LANDING,3
19790309032649A,FAILURE COULD NOT BE DUPLICATED,1
19790421024749I,WATER AND DEBRIS,1
19790224007709I,WINDSHIELD,5
19790224007709I,FOGGED UP,1
19790224007709I,INOP HEATER,1
19790224007709I,LANDED LONG AFTER APPROACH,1
19790224007709I,RAN OFF DEPARTURE,1
19790210002639A,CRASHED AIRCRAFT,1
19790224007469I,ENGINE QUIT LEVEL FLIGHT,2
19790224007469I,LEFT TANK EMPTY AND ICE IN RIGHT TANK,1
19790224007469I,GAS SEDIMENT BOWL WOULD NOT DRAIN,1
19790216014249A,GUST LOCK IN PLACE,1
19790209002599A,TRUCK,2
19790209002599A,NO FENCE INSTALLED TO KEEP VEHICLES OFF AIRPORT,1
19790421024669I,EMERGENCY EXTENSION CRANK,2
19790421024669I,NOT PROPERLY STOWED,1
19790421024669I,GEAR COLLAPSE,1
19790603029089I,THROTTLE CABLE HOUSING,2
19790603029089I,ENGINE WENT TO IDLE,1
19790603029089I,NOT SECURED,1
19790605014519I,FUEL SYPHONING,1
19790605014519I,CAPTAIN,2
19790605014519I,TANK CAP,1
19790615016499I,FUNNY NOISE DURING GEAR RETRACTION,2
19790615016499I,PART OF THE TOWBAR LEFT ON THE NOSE WHEEL,1
19790615016499I,EXTENDED,1
19790508100289I,LOST UPPER ENGINE COWLING IN FLIGHT,2
19790508100289I,NOT FASTENED,1
19790510009019A,MODERATE FROST ON THE WINGS,1
19790529041069A,ENGINE OIL FILLER CAP,1
19790529041069A,OIL BLOCK,1
19790529041069A,ALTERNATE AIR DEFECT,1
19790424024939I,NOISE DURING GEAR RETRACTION,2
19790424024939I,NOSE GEAR COULD NOT BE EXTENDED,1
19790424024939I,DOOR PINS NOT ATTACHED AFTER MAINTENANCE,1
19790603012119A,STOPPED AFTER 25-FT AGL LIFTOFF,1
19790603012119A,HIT GROUND,1
19790603012119A,FAILED TO ASSURE FUEL VALVE ON,1
19790515018139A,FACTOR INADEQUATE PRE-FLIGHT CHECK,1
19790513010459A,ONE FOOT HIGH GRASS,2
19790513010459A,THREE FEET HIGH GRASS,2
19790623022919A,SPUTTERING,1
19790623022919A,BURNED,1
19790609016529A,Rope,1
19790609016529A,AERO TOW TAKE OFF,1
19790609016529A,Glider,1
19790609016529A,140 FEET ABOVE GROUND,1
19790609016529A,Crash,1
19790427100619I,ENGINE EQUIPPED WITH HYDRAULIC PUMP,1
19790427100619I,EMERGENCY PROCEDURES NOT FOLLOWED,2
19790427100619I,EMERGENCY PROCEDURES,1
19790427100619I,NOSE GEAR COLLAPSED,1
19790427100559I,AUTOROTATION,1
19790427100559I,AIRCRAFT DAMAGED,1
19790524200519I,FUMES IN PASSENGER CABIN,1
19790524200519I,AFT FUEL CAP DAMAGED BY IMPROPER INSTALLATION,1
19790623014019A,Rudder Trim,1
19790623014019A,FULL NOSE LEFT TRIM,1
19790605014429I,FAULTY ENGINE,1
19790605014429I,LANDED IN STREET,1
19790605014429I,DAMAGED SPEED LIMIT SIGN,1
19790429005459A,2 WKS,1
19790429005459A,SEVERE RAIN,1
19790610014749I,TANKS NEARLY EMPTY,1
19790610014749I,ENGINE QUIT AFTER LIFT OFF,1
19790609011809A,LOST ELECT. POWER,1
19790609011809A,Landed On Airport,2
19790609011809A,LANDING GEAR NOT LOCKED DOWN,1
19790609011809A,GENERATORS NOT TURNED ON,1
19790622017199I,TWICE,1
19790622017199I,RUNWAY AT HOME,1
19790622017199I;19790622017219I,TOPPED TANKS,2
19790622017199I,GOT WATER IN THE FUEL,1
19790625015009A,FLT,1
19790625015009A,TWO & ONE HALF QUARTERS OF WATER,1
19790625015009A,GAS TANK,1
19790503025389I,ELECTRICAL PROBLEM,1
19790503025389I;19790705018829I,PILOT LANDED,4
19790503025389I,HAD ALTERNATOR BELT TIGHTENED,2
19790503025389I,TOOK OFF AGAIN,2
19790503025389I,BELT FAILED,1
19790429025299I,RETRACTED WITH FLAT STRUT,1
19790513026659I,LOSS OF OIL PREESURE,1
19790513026659I,VECTORS TO AIRPORT,1
19790513026659I,8 QUARTS OIL,1
19790513026659I,MINOR OIL LEAK,1
19790515027029I,ALTERNATOR BELT,1
19790515027029I,ELECTRICAL SYSTEM FAILED,1
19790515027029I,PREVENTABLE GEAR UP LANDING,2
19790515027029I,ALTERNATOR BELT BROKE,1
19790525014229A,IMPROPERLY SERVICED STRUTS,1
19790525014229A,GR RESONANCE,1
19790525014229A,GROUND RUN UP,1
19790425024979I,PILOT UNABLE TO MAINTAIN ALTITUDE,1
19790425024979I,FOUND WATER IN THE FUEL,1
19790511011259A,ICE ON AIRFRAME,1
19790511011259A,PREMATURE LIFT OFF,3
19790511011259A,SETTLED TO GROUND,1
19790519010229A,INSTRUMENT PANEL LIGHT SWITCH,2
19790519010229A,COULD NOT SEE OUT,1
19790507025919I,FUEL EXHAUSTION ONE TANK,1
19790507025919I,UNABLE TO RESTART ENGINE,1
19790507025919I,PUSHING AND PULLING ENGINE CONTROLS,1
19790602009889A,ACCIDENT,1
19790602009889A,OCEAN,1
19790609024769A,ENG. FAILED,1
19790609024769A,OUTSIDE FOR 11 MONTHS,1
19790609024769A,PARTIALLY EMPTY,1
19790719019309I,POSITION OF GEAR HANDLE AND GEAR RETRACTION ON TAKEOFF ROLL,1
19790809030499I,GASCOLATOR FAILED,1
19790809030499I,FUEL CONTAMINATED WITH DIRT AND WATER,1
19790729022479I,FAILED TO EXTEND GEAR BEFORE LANDING,1
19790725018519A,LANDED WITH AIRPLANES,1
19790725018519A,NOSE NOT ALIGNED WITH RUNWAY,1
19790725018519A,Rudder Pedal,1
19790725018519A,JAMMED WITH SMALL BOTTLE,1
19790726019139A,ENGINE ACCESS DOOR,1
19790726019139A,ENGINE SPUTTERED,1
19790726019139A,180 BACK TO RUNWAY,2
19790726019139A,UNABLE,1
19790718017739A,PILOT SEAT,4
19790718017739A;19791029027649A,SLID BACK ON TAKEOFF,2
19790718017739A,FAILED TO ASCERTAIN SEAT LOCKED BEFORE TAKE OFF,1
19790807029619I,OIL STREAMING OVER COWL AT LIFTOFF,1
19790807029619I,OIL CAP ON PREFLIGHT,1
19790807024709A,PILOT ABORTED TAKEOFF,4
19790807024709A,SEAT CAME LOOSE,1
19790807024709A,PILOT'S FEET TO RELEASE BRAKES,1
19790807024709A,ACFT CRASHED,1
19790813030889I,FAILED TO SECURE OIL CAP PROPERLY,1
19790813030889I,LANDED WITH LOW OIL PRESSURE,1
19790703018439I,TAKE-OFF,1
19790703018439I,AIRCRAFT STRUCK RUNWAY GEAR UP,1
19790807029669I,AIRSPEED INDICATOR,1
19790807029669I,PLUG ON END OF PITOT TUBE,1
19790807029669I,ILLEGAL SOLO,1
19790823023209I,BRIDGE,3
19790823023209I,RAN OFF RUNWAY,1
19790823023209I,BRAKE DISC PADS TOTALLY WORN,1
19790813023739A,WATER AND TRASH IN FUEL,1
19790813023739A,FUEL NOT FILLED PROPERLY,1
19790813023739A,NO FILTER USED,1
19790813023739A,REFUEL,2
19790813023739A,BARREL,1
19790728024469A;19800429039119A,HOLE,3
19790728024469A,OIL PAN,1
19790728024469A,WRECK SIGHT,1
19790817031829I,1 HOUR FLIGHT,1
19790817031829I,1 HOUR,1
19790817031829I,ZE ZG STUDENT PILOT,1
19790817031829I,FUEL GAUGES,1
19790817031829I,INCORRECT FUEL GAUGES,1
19790817031829I,FUEL GAUGES READ INCORRECTLY,1
19790705018829I;19800105013639I,GEAR UP,2
19790705018829I,FAILED TO DRAIN WING SUMPS IN PREFLIGHT,1
19790816031569I,FLUCTUATION AND GRADUAL LOSS OF OIL PRESSURE,2
19790816031569I,SHUTTING ENGINE DOWN,1
19790816031569I,LOOSE OIL FILLER CAP,1
19790820032669I,WHILE EN ROUTE,1
19790820032669I,OIL PRESSURE DROPPED TO 10 PSI,2
19790820032669I,LANDED ON HIGHWAY,2
19790820032669I,OIL CAP HAD NOT BEEN PROPERLY SEATED,1
19790729018879A,COLLAPSED ON LANDING ROLL,1
19790729018879A;19800822082749I,HYDRAULIC RESERVOIR,2
19790729018879A,TOO LOW ON FLUID TO OPERATE LANDING GEAR,1
19790829023019A,SPRAY RUN,1
19790829023019A,SOYBEAN FIELD,1
19790820029909A,CABIN DOOR,1
19790812030579I;19790820029909A;19791208047929I;19791210043359A,TAKEOFF ROLL,4
19790820029909A,UNABLE TO STOP,1
19790820029909A,RAN OFF END INTO ROCKS,1
19790812030579I,DURING,1
19790812030579I,DURING TAKEOFF ROLL,1
19790812030579I,GEAR SWITCH IN UP POSITION,1
19790808027309A,FAILED DURING TAKEOFF,1
19790808027309A,RETURN TO RUNWAY,1
19790808027309A,ENGINE FAILED DURING TAKEOFF,1
19790712020439I,NOSE GEAR TORQUE LINK,1
19790712020439I,APEX PIN,1
19790716019189I,AIRSTAIR DOOR,3
19790716019189I,DURING LANDING,1
19790716019189I,RUNWAY TEARING LOOSE FROM AIRCRAFT,1
19790710018689I,MANUAL GEAR EXTENSION,1
19790710018689I,LOCK GEAR IN PLACE,1
19790918023659I,NOSE GEAR DOOR RETRACT RODS,1
19790918023659I,JAMMED NOSE GEAR,1
19790927050049I,GEAR LIGHT,3
19790927050049I,DIM POSITION,1
19790927050049I,AFTER UNSAFE GEAR INDICATION,1
19790927050049I,NOT SPECIFIED,1
19790928049769I,NOT PROPERLY SECURED,1
19790929049639I,200 FEET,1
19790929049639I,SELECTOR SWITCH,1
19790929049639I,NOT IN THE FULL DOWN POSITION,1
19791017051209I,OBSTRUCTED FUEL VENT LINE,1
19791022054789I,NEWLY INSTALLED FUEL CAP,1
19791022054789I,NOT VENTED,1
19790904034369I,FUEL CONTAMINATED WITH WATER,1
19791022029739A,STOPPED AFTER LIFTOFF,1
19791022029739A;19791023031609A,HIT TREES,2
19791022029739A,ENGINE STOPPED AFTER LIFTOFF,1
19791030053329I,NIGHT FLIGHT,1
19791030053329I,BATTERY DISCHARING,1
19791030053329I,MISUSED EMERGENCY GEAR SYSTEM,1
19791108054919I,COCKPIT DOOR,1
19791108054919I,PARTIALLY OPENED AT ROTATION,1
19791108054919I;19791210036229A,RAN OFF END OF RUNWAY,2
19791108054919I,DAMAGED,2
19790916031359A,END RUNWAY,1
19790919027319A,AIRCRAFT CRASH,1
19791102034159A,WATR IN FUEL,1
19791102034159A,PILOT ATTEMPTED,2
19791102034159A,180 DEGREE TURN,1
19791103056779I,TOO RICH A MIXTURE,1
19791103056779I,LANDED SHORT,1
19791103056779I,MIXTURE,1
19791103056779I,CARB HEAT ON,1
19790928027659A,LEFT FUEL CAP,1
19790928027659A,FOUND,1
19790928027659A,TOP OF LEFT WING,1
19791014005659A,WATER IN STRAINER,1
19791014005659A,STUDENT PILOT CARRYING PASSENGERS,1
19791002050939I,OPEN BOWL DRAIN ON THE FUEL STRAINER,1
19791002050939I,STICKING DRAIN,1
19791029027649A,SEAT SLID BACK ON TAKEOFF,1
19791116043249A,BROKEN EXHAUST PIPE,2
19791116043249A,AIRLINE,1
19791116043249A,AIR,1
19790929042239I,AIRPLANES,2
19790929042239I,UNMARKED MANHOLE,1
19790929042239I,UNLIGHTED TAXIWAY,1
19790929042239I,LANDING/TAXI LIGHT,1
19791023031609A,MISSED 1ST LANDING APPROCH,1
19791023031609A,QUIT ON BASE ON 2ND TRY,1
19791014052729I,CHECKED FOR CARB ICE,1
19791014052729I,MADE PRECAUTIONARY LANDING IN A FIELD,1
19791014052729I,PRIMER,1
19791014052729I,UNLOCKED AND OUT,1
19791015052549I,MISSING FUEL CAP,1
19791222048669I,LAND GEAR,1
19791222048669I,NOSE GEAR INDICATION,3
19791222048669I,LAND GEAR UPGRADE,2
19791222048699I,ADDITIONAL FUEL,1
19791222048699I,IMPROPERLY FUELED,1
19791129033509A,TRIED TAKEOFF FROM TRAILER,2
19791129033509A,SKID TIEDOWN FELL BACK IN PLACE,1
19791129033509A,HELICOPTER ROLLED OVER OFF TRAILER,1
19791219034489A,WIND,3
19791219034489A,LIGHT SLING LOAD,1
19791219034489A,CABLE HIT TAILROTOR,1
19791219034489A,HARD AUTOROTATE LANDING,1
19791126034419A,CFI WITH STUDENT ATTEMPTED TAKEOFF,2
19791126034419A,SNOW COVERED RWY,1
19791126034419A,CRASHED OFF END RWY,1
19791126034419A,UNABLE TO CLIMB,1
19791221039859A,WATER IN TANKS,1
19791221039859A,STOPPED AFTER TAKEOFF,1
19791218033279A,FUEL INTAKE,1
19791218033279A,TAKEOFF FAILURE,1
19791228036809A,SNOW & ICE ON ACFT,1
19791228036809A,RAN OFF END RWY,1
19791228036809A,A BARN,1
19791208047929I,POSITION OF GEAR KNOB,1
19791216046619I,CREW,3
19791216046619I,AUTO THROTTLE SYSTEM,1
19791216046619I,FLAMEOUT,1
19791216046619I,SOON,2
19791216046619I,CONTROL,1
19791210043359A,UNABLE TO STOP ON RUNWAY,1
19791210043359A,DROPPED OVER A CLIFF,1
19800105013639I,RIGHT GENERATOR INOPERATIVE,1
19800105013639I,LEFT GENERATOR FAILED IN FLIGHT,1
19800109001489A,ELECTRIC POWER LOSS,1
19800109001489A,GEAR WAS EXTENDED,1
19800109001489A,LANDING ROLL,1
19800109001489A,EMERGENCY EXTENSION,1
19800106011019I,NOT LIGHTED,1
19800106011019I,SNOW AND ICE COVERED,1
19800106011019I,MISJUDGED INTERSECTION,1
19800106011019I,TURNED TOO SOON,1
19800114013749I,COPILOT LANDING,1
19800114013749I,OTHER,1
19800113000039A,DEPARTED IFR,1
19800113000039A,KNOWN DEFECTIVE GYRO HORIZON,1
19800113000039A,HOLDING PATTERN,1
19800115013869I,UPPER LEFT ENGINE COWL PN41834-06,1
19800113015049I,PICTOR,2
19800113015049I,MUD,1
19800118015029I,RETRACT RODS,1
19800118015029I,FERRY,1
19800120016369I,FLAP,2
19800120016369I,STICKING,1
19800120016369I,LUBRICATED FLAP JACKSCREW,1
19800120016369I,LOS ANGELES,1
19800128019739I,ICE CRYSTALS,1
19800128019739I,SHOOTING TOUCH & GO LANDINGS,1
19800128019739I,16 BELOW ZERO FAHRENHEIT,1
19800119000759A,FUEL WATER,1
19800119018919I,LOWEST POINT IN FUEL SYSTEM,1
19800119018919I,STRAINER,1
19800119018919I,ON-OFF SELECTOR,1
19800127019329I,DESCREPANCY,1
19800127019329I,FORCED LANDING FROM ENGINE FAILURE,1
19800127019329I,AERO CLUB,1
19800127019329I,NEEDED MAINTENANCE,1
19800128019779I,SMOKE IN COCKPIT,2
19800128019779I,A RAG IN THE ENGINE COWL,1
19800128019779I,SHORTLY AFTER LIFTOFF,1
19800128019789I,OIL IN COWLING,2
19800128019789I,OIL CAP CAME OFF,1
19800129020169I,BRAKES FREEZING UP,1
19800129020179I,FUEL CAP O RINGS,1
19800129020179I,DID NOT SEAL,1
19800129020179I,LARGE QUANTITY WATER,1
19800216026099I,EMERGENCY LANDING IN A FIELD,1
19800219031689I,IMMEDIATELY AFTER TAKEOFF,1
19800219031689I,QUIT IMMEDIATELY,1
19800219031689I,WATER WAS FOUND IN GASCOLATOR,1
19800217031679I,LOST RPM,3
19800217031679I,AIRCRAFT STRUCK FENCE,2
19800129002139A,PLANE CRASH,1
19800129002139A;19800322006789A,PLANE,3
19800129002139A,FIELD AIRSTRIP,1
19800208002479A,THROTTLE FROZE,2
19800208002479A,SNOW AND ICE ON SURFACE,1
19800208002479A,HARD LANDING,1
19800215002609A,EXTERNAL LOAD,1
19800215002609A,LOST CONTROL OF AIRCRAFT,2
19800215002609A,LINE,2
19800215002609A,AIRCRAFT NOSE-DIVED,1
19800223026959I,CARBURETOR ICE OR FUEL CONTAMINATION,1
19800223026959I,CAUSE UNDETERMINED,1
19800223029599I,RIGHT ENGINE,1
19800223029599I,THEN CENTER ENGINE,1
19800224029629I,AFTER LIFT-OFF,1
19800309042889I,Crew,5
19800309042889I,ENGINES,1
19800309042889I,REFUELED,1
19800309042889I,FUEL TRUCK,1
19800309042889I,WING,1
19800319040039I,LOSS OF OIL,1
19800319040039I,LOOSE B-NUT,1
19800319040039I,OIL LINE AT OIL COOLER,1
19800320047429I;19800805067769I,TAKEOFF WARNING HORN,3
19800320047429I,SPEED BRAKE LEVER,1
19800331045949I,TAKEOFF ROLL AT 60 MPH,1
19800331045949I,RIGHT MAIN GEAR STRUCK A WATER FILLED POTHOLE,1
19800331045949I,FLIGHT ABORTED,1
19800403047119I,EXCESSIVE AMOUNT OF WATER,2
19800225005279A;19800611054319I,AIRPLANE,2
19800229004169A,TURNED ON NOSE WHEEL,3
19800229004169A,TURNING FINAL,1
19800229004169A,WHEEL WAS TURNED TO LEFT,1
19800229004169A,VEERED INTO SNOWBANK,1
19800328007979A,KILLED TWO PERSONS,1
19800328007979A,DRINKING,1
19800328007979A,ROAD,1
19800321006629A,FLAP HANDLE,3
19800321006629A,SLOT,1
19800321006629A,TREE HIT,1
19800321006629A,TREE,1
19800408048109I,FLIGHT ENGINEER,1
19800408048109I,NOSE DOWNLOCK PIN,1
19800410050199I,OWNER,1
19800410050199I,WHEEL CAME OFF ON LANDING,1
19800415047829I,ENGINE STOPPAGE,1
19800427044589I,ALTERNATOR,1
19800427044589I,NOT OPERATING AT TAKEOFF,1
19800501044549I,EMERGENCY SYSTEM,2
19800501044549I,GEAR WOULD NOT EXTEND NORMALLY,1
19800507051499I,DEPARTED,1
19800519054059I,LOUD NOISES,1
19800604051679I,STUDENT PREFLIGHTED PLANE,2
19800604051679I,1.2 HOURS,1
19800607046889I,ENGINE QUIT DUE TO WATER IN FUEL,1
19800611054319I,PORTABLE FUEL CANS,1
19800611054319I,WATER TAKEOFF,1
19800530018349A,FERTILIZE BUCKET SUPPORT CABLE,2
19800530018349A,LOADING SYSTEM,1
19800530018349A,COPTER,1
19800413049409I;19800418044679I,Nose Gear,2
19800418044679I,COLLAPSED ON LANDING,1
19800418044679I,Defective Light,1
19800418044679I,UNABLE TO VERIFY GEAR POSITION,1
19800518014229A,Taxiing For Takeoff,1
19800518014229A,Gear Collapsed,2
19800518014229A,Damage To Left Wing,1
19800429039119A,RUNWAY FELL APART,1
19800429039119A,BIG HOLE,1
19800429039119A,PLANE NOSE WHEEL,1
19800413049409I,COLLAPSED ON ROLLOUT,1
19800413049409I,LINEBOY,2
19800413049409I,Norman Spot,1
19800508011869A,RETURN FLIGHT,1
19800423010499A,HAD GEAR,1
19800423010499A,UNSAFE LIGHT,1
19800423010499A,STARTED,1
19800423010499A,GO-AROUND WITHOUT ADVANCING PROPS,1
19800423010499A,CO-PILOT,1
19800423010499A,DELAYED CLEAN-UP,1
19800423010499A,INTO TREES,1
19800608019219A,FULL POWER,1
19800608019219A,RINGS,1
19800608019219A,SLUDGE IN OIL,2
19800608019219A,VALVES,1
19800421009329A,BEGAN GEAR RETRACTION,2
19800421009329A,EMERGENCY GEAR HANDLE ENGAGED,1
19800421009329A,PROPS & STEP HIT RUNWAY,1
19800424010429A,TAIL ROTOR,1
19800424010429A,CRASHLANDED,2
19800424010429A,MAIN ROTOR,1
19800523016979A,AILERONS,1
19800523016979A,WING-TIP,1
19800523016979A,LIFT-OFF,1
19800523016979A,FAILED TO CHECK CONTROLS,1
19800714060679I,LACK OF OIL,1
19800805067769I,ELEVATOR TRIM,1
19800822082749I,JUST BEFORE LANDING,1
19800815066579I,DIASPSTICK NOT BEING SECURED,1
19800721061969I,GEAR WOULD NOT RETRACT,1
19800721061969I,GEAR PIN WAS LEFT INSTALLED,1
19800807063609I,DUST COVER PLATE,1
19800807063609I,STRUCK LOG,1
19800807063609I,TALL GRASS,1
19800624056259I,BAGGAGE DOOR,1
19800624056259I,CASE,1
19800624056259I,LEFT PROPELLER,1
19800619055649I,START-UP,1
19800620022039A,LATCH,1
19800624056299I,LESS THAN SCHEDULED AMOUNT OF FUEL,1
19800823080969I,ELECTRICAL SYSTEM FAILURE,1
19800823080969I,CORRODED BATTERY LEAD,1
19800823080969I,EMERGENCY PROCEDURE TO EXTEND GEAR,1
19800716028479A,IMPROPERLY SECURED,1
19800707059709I,NOSEGEAR,2
19800707059709I,ROUGH PRIVATE RUNWAY,1
19800820066389I,BENT ACTUATOR,1
19800820066389I,PREVIOUS BRAKE AND TIRE FAILURE,1
19800820066389I,PARTIALLY EXTENDED,1
19800623021719A,DITCH OFF END OF RUNWAY,1
19800712077549I,RAN ROUGH,1
19800712077549I,GAS STORAGE TANK,1
19800712077549I,NAVY BASE,1
19800819040989A,FLAT BED,1
19800819040989A,ROLLING OVER,1
19800819040989A,REAR SKID,1
19800819040989A,NOT INTIED,1
19800819039089A,AIRCRAFT CRASHED INTO TREES,1
